SET check_function_bodies = false;
INSERT INTO public.users (id, name, email, "emailVerified", image) VALUES (1, 'Yannik Olmo Hake', 'yannik.hake@gmail.com', NULL, 'https://avatars.githubusercontent.com/u/129378013?v=4');
SELECT pg_catalog.setval('public.user_id_seq', 1, true);

SET check_function_bodies = false;
INSERT INTO public.sessions (id, "userId", expires, "sessionToken") VALUES (2, 1, '2024-07-19 12:36:51.245+00', 'b4961934-6b53-4202-95b4-ba6d7908b35c');
SELECT pg_catalog.setval('public.sessions_id_seq', 2, true);

SET check_function_bodies = false;
INSERT INTO public.entry (id, user_id, text, date, embedding_text, embedding) VALUES ('fb4c564e-0ff3-4f18-b97a-dbc01810d405', 1, 'Feeling motivated. Hit a new personal record on bench press today. The gym was packed with New Year''s resolutioners, but I managed.', '2024-01-04 00:00:00+00', NULL, NULL);
INSERT INTO public.entry (id, user_id, text, date, embedding_text, embedding) VALUES ('77f2e0d8-6323-430d-9249-54d4a696cf91', 1, 'Feeling motivated. Hit a new personal record on bench press today. The gym was packed with New Year''s resolutioners, but I managed.', '2024-01-04 00:00:00+00', NULL, NULL);
INSERT INTO public.entry (id, user_id, text, date, embedding_text, embedding) VALUES ('73ffe4ac-66c7-4a05-a9c3-76cbee93edbb', 1, 'Stressed about work. New project deadlines are tight. At least Nibbles always cheers me up when I get home.', '2024-01-08 00:00:00+00', NULL, NULL);
INSERT INTO public.entry (id, user_id, text, date, embedding_text, embedding) VALUES ('1a2e4151-6cba-45b1-8e50-879ebaffcc0b', 1, 'Relieved. Finished the first phase of the project on time. Rewarded myself with a new anime figurine.', '2024-01-11 00:00:00+00', NULL, NULL);
INSERT INTO public.entry (id, user_id, text, date, embedding_text, embedding) VALUES ('36859593-ee6b-4732-8230-825198895375', 1, 'Frustrated with my progress on squat. Plateau is real. Need to revise my training program.', '2024-01-15 00:00:00+00', NULL, NULL);
INSERT INTO public.entry (id, user_id, text, date, embedding_text, embedding) VALUES ('304565fb-0fca-4866-b2f0-f2548b66a3df', 1, 'Amused by Nibbles. She''s obsessed with a little toy mouse. Chases it around the apartment for hours.', '2024-01-18 00:00:00+00', NULL, NULL);
INSERT INTO public.entry (id, user_id, text, date, embedding_text, embedding) VALUES ('fe0f240c-6add-40c7-8f98-201b0bc27329', 1, 'Optimistic about the New York trip. Started booking accommodations and making an itinerary. So many places to see!', '2024-01-22 00:00:00+00', NULL, NULL);
INSERT INTO public.entry (id, user_id, text, date, embedding_text, embedding) VALUES ('0b7096e1-1cdc-43e8-a037-7e74790a0d8d', 1, 'Content. Had a good day at work, followed by a solid workout. Ended the night with the latest episode of ''My Hero Academia''.', '2024-01-25 00:00:00+00', NULL, NULL);
INSERT INTO public.entry (id, user_id, text, date, embedding_text, embedding) VALUES ('3195c6cc-5647-4d9a-b1e5-2091a6fcff71', 1, 'Concerned about Nibbles. She seems a bit under the weather. Booked a vet appointment just in case.', '2024-01-29 00:00:00+00', NULL, NULL);
INSERT INTO public.entry (id, user_id, text, date, embedding_text, embedding) VALUES ('a9962a8a-6841-43fe-9bf8-94dc21dfca45', 1, 'Relieved again. Vet says Nibbles is fine, just a minor cold. Also, finally broke through my squat plateau!', '2024-02-01 00:00:00+00', NULL, NULL);
INSERT INTO public.entry (id, user_id, text, date, embedding_text, embedding) VALUES ('839d9b9d-2395-45ff-9b8e-1061abaa4287', 1, 'Excited! Booked my flights to New York. It''s really happening!', '2024-02-05 00:00:00+00', NULL, NULL);
INSERT INTO public.entry (id, user_id, text, date, embedding_text, embedding) VALUES ('e3453715-bdc3-42f1-a963-e1cfb963f626', 1, 'Nostalgic. Rewatched ''Cowboy Bebop'' for the umpteenth time. It never gets old.', '2024-02-08 00:00:00+00', NULL, NULL);
INSERT INTO public.entry (id, user_id, text, date, embedding_text, embedding) VALUES ('3bddb68d-1cd7-4920-bb9b-ed063368d27e', 1, 'Annoyed with myself. Skipped the gym twice this week. Need to get back on track.', '2024-02-12 00:00:00+00', NULL, NULL);
INSERT INTO public.entry (id, user_id, text, date, embedding_text, embedding) VALUES ('14ae1071-14d0-4db6-8044-f4c69d242519', 1, 'Determined. Made up for missed workouts. Also, started learning some basic Japanese phrases for fun.', '2024-02-15 00:00:00+00', NULL, NULL);
INSERT INTO public.entry (id, user_id, text, date, embedding_text, embedding) VALUES ('4e717a82-c175-4ffa-888d-2a959dd901bb', 1, 'Intrigued by a new data visualization library at work. Spent the evening experimenting with it.', '2024-02-19 00:00:00+00', NULL, NULL);
INSERT INTO public.entry (id, user_id, text, date, embedding_text, embedding) VALUES ('1dbb2c71-77d7-49fb-98e1-a314fe07abc1', 1, 'Happy! My team''s project got great feedback from the higher-ups. Feeling valued at work.', '2024-02-22 00:00:00+00', NULL, NULL);
INSERT INTO public.entry (id, user_id, text, date, embedding_text, embedding) VALUES ('81d3531e-6069-4a87-a096-46b4bbbe0c45', 1, 'Anxious about the upcoming New York trip. So much to plan, so little time. At least Nibbles is distracting me with her antics.', '2024-02-26 00:00:00+00', NULL, NULL);
INSERT INTO public.entry (id, user_id, text, date, embedding_text, embedding) VALUES ('611bbeea-0b32-49b0-9a54-6746a3d6933b', 1, 'Proud of my consistency at the gym this month. Visible gains are motivating!', '2024-02-29 00:00:00+00', NULL, NULL);
INSERT INTO public.entry (id, user_id, text, date, embedding_text, embedding) VALUES ('920578e9-09f5-4ccb-8ce2-fb30c244e86b', 1, 'Overwhelmed with last-minute trip preparations. Trying to find a reliable cat-sitter for Nibbles.', '2024-03-04 00:00:00+00', NULL, NULL);
INSERT INTO public.entry (id, user_id, text, date, embedding_text, embedding) VALUES ('f7be00d6-5b5f-4f28-b0a7-28e73110fb96', 1, 'Thrilled! Just landed in New York. The energy of this city is unreal. Can''t wait to explore!', '2024-03-07 00:00:00+00', NULL, NULL);

SET check_function_bodies = false;
INSERT INTO public.emotion (id, joy, love, optimism, trust, surprise, anticipation, sadness, anger, disgust, fear, pessimism) VALUES ('fb4c564e-0ff3-4f18-b97a-dbc01810d405', 0.9509738683700562, 0.06427091360092163, 0.9557566046714783, 0.23183339834213257, 0.03992015868425369, 0.35533174872398376, 0.015244461596012115, 0.016728976741433144, 0.012142072431743145, 0.02436074987053871, 0.010984803549945354);
INSERT INTO public.emotion (id, joy, love, optimism, trust, surprise, anticipation, sadness, anger, disgust, fear, pessimism) VALUES ('77f2e0d8-6323-430d-9249-54d4a696cf91', 0.9509738683700562, 0.06427091360092163, 0.9557566046714783, 0.23183339834213257, 0.03992015868425369, 0.35533174872398376, 0.015244461596012115, 0.016728976741433144, 0.012142072431743145, 0.02436074987053871, 0.010984803549945354);
INSERT INTO public.emotion (id, joy, love, optimism, trust, surprise, anticipation, sadness, anger, disgust, fear, pessimism) VALUES ('1a2e4151-6cba-45b1-8e50-879ebaffcc0b', 0.9857813715934753, 0.12443629652261734, 0.8516904711723328, 0.10884464532136917, 0.0730598121881485, 0.17498908936977386, 0.010222998447716236, 0.017843639478087425, 0.015804670751094818, 0.012081903405487537, 0.006413941737264395);
INSERT INTO public.emotion (id, joy, love, optimism, trust, surprise, anticipation, sadness, anger, disgust, fear, pessimism) VALUES ('73ffe4ac-66c7-4a05-a9c3-76cbee93edbb', 0.5157982707023621, 0.08548913151025772, 0.5552498698234558, 0.030153142288327217, 0.012943297624588013, 0.03736983239650726, 0.9217187762260437, 0.026961466297507286, 0.07233180105686188, 0.061413537710905075, 0.21754032373428345);
INSERT INTO public.emotion (id, joy, love, optimism, trust, surprise, anticipation, sadness, anger, disgust, fear, pessimism) VALUES ('fe0f240c-6add-40c7-8f98-201b0bc27329', 0.8786622881889343, 0.04256002604961395, 0.9628037810325623, 0.31117451190948486, 0.048311397433280945, 0.5075016617774963, 0.01246719527989626, 0.021161677315831184, 0.013872804120182991, 0.05664648860692978, 0.014011950232088566);
INSERT INTO public.emotion (id, joy, love, optimism, trust, surprise, anticipation, sadness, anger, disgust, fear, pessimism) VALUES ('0b7096e1-1cdc-43e8-a037-7e74790a0d8d', 0.9851486682891846, 0.1254432052373886, 0.8180192112922668, 0.08658932894468307, 0.05947920307517052, 0.16929782927036285, 0.01678045466542244, 0.013771718367934227, 0.014777839183807373, 0.008207324892282486, 0.007261708844453096);
INSERT INTO public.emotion (id, joy, love, optimism, trust, surprise, anticipation, sadness, anger, disgust, fear, pessimism) VALUES ('36859593-ee6b-4732-8230-825198895375', 0.05953281372785568, 0.016507254913449287, 0.07187753915786743, 0.021329043433070183, 0.06771458685398102, 0.1939161717891693, 0.9068007469177246, 0.031495414674282074, 0.11659158766269684, 0.5080729722976685, 0.5326137542724609);
INSERT INTO public.emotion (id, joy, love, optimism, trust, surprise, anticipation, sadness, anger, disgust, fear, pessimism) VALUES ('304565fb-0fca-4866-b2f0-f2548b66a3df', 0.9874206185340881, 0.6165955066680908, 0.2847799062728882, 0.057576630264520645, 0.2292570173740387, 0.08360162377357483, 0.0437057763338089, 0.027854498475790024, 0.03531467169523239, 0.018163422122597694, 0.013061211444437504);
INSERT INTO public.emotion (id, joy, love, optimism, trust, surprise, anticipation, sadness, anger, disgust, fear, pessimism) VALUES ('e3453715-bdc3-42f1-a963-e1cfb963f626', 0.905486524105072, 0.09852036833763123, 0.276618629693985, 0.03802654147148132, 0.08467542380094528, 0.2642231583595276, 0.23926180601119995, 0.009453527629375458, 0.0312589593231678, 0.008701079525053501, 0.032639339566230774);
INSERT INTO public.emotion (id, joy, love, optimism, trust, surprise, anticipation, sadness, anger, disgust, fear, pessimism) VALUES ('839d9b9d-2395-45ff-9b8e-1061abaa4287', 0.9669055938720703, 0.08711489289999008, 0.8958771824836731, 0.25379517674446106, 0.14142188429832458, 0.5984827280044556, 0.0075909909792244434, 0.02225855365395546, 0.016430644318461418, 0.08653491735458374, 0.010763878002762794);
INSERT INTO public.emotion (id, joy, love, optimism, trust, surprise, anticipation, sadness, anger, disgust, fear, pessimism) VALUES ('a9962a8a-6841-43fe-9bf8-94dc21dfca45', 0.979969322681427, 0.07754580676555634, 0.8512348532676697, 0.05844590440392494, 0.043388545513153076, 0.08288947492837906, 0.01632661372423172, 0.03540069982409477, 0.031084569171071053, 0.010902955196797848, 0.006966226268559694);
INSERT INTO public.emotion (id, joy, love, optimism, trust, surprise, anticipation, sadness, anger, disgust, fear, pessimism) VALUES ('3195c6cc-5647-4d9a-b1e5-2091a6fcff71', 0.1511126607656479, 0.017007410526275635, 0.18793705105781555, 0.06639480590820312, 0.11270282417535782, 0.6947298049926758, 0.10266014188528061, 0.008696528151631355, 0.021998820826411247, 0.8197524547576904, 0.1449299305677414);
INSERT INTO public.emotion (id, joy, love, optimism, trust, surprise, anticipation, sadness, anger, disgust, fear, pessimism) VALUES ('1dbb2c71-77d7-49fb-98e1-a314fe07abc1', 0.9907145500183105, 0.4754154086112976, 0.9109448790550232, 0.15812601149082184, 0.04321928322315216, 0.07290829718112946, 0.0112190255895257, 0.014840757474303246, 0.012145510874688625, 0.01290895976126194, 0.007741484325379133);
INSERT INTO public.emotion (id, joy, love, optimism, trust, surprise, anticipation, sadness, anger, disgust, fear, pessimism) VALUES ('3bddb68d-1cd7-4920-bb9b-ed063368d27e', 0.008364981971681118, 0.007063975557684898, 0.006277857813984156, 0.006858072243630886, 0.022048596292734146, 0.024820908904075623, 0.9425653219223022, 0.8981315493583679, 0.9147295951843262, 0.16249395906925201, 0.3481011986732483);
INSERT INTO public.emotion (id, joy, love, optimism, trust, surprise, anticipation, sadness, anger, disgust, fear, pessimism) VALUES ('4e717a82-c175-4ffa-888d-2a959dd901bb', 0.9634149074554443, 0.05624611675739288, 0.466697096824646, 0.08523208647966385, 0.27667972445487976, 0.5161294937133789, 0.014552644453942776, 0.035121820867061615, 0.03698432072997093, 0.017194483429193497, 0.01076060812920332);
INSERT INTO public.emotion (id, joy, love, optimism, trust, surprise, anticipation, sadness, anger, disgust, fear, pessimism) VALUES ('14ae1071-14d0-4db6-8044-f4c69d242519', 0.9494073987007141, 0.03347146511077881, 0.9219523072242737, 0.14047442376613617, 0.05140963941812515, 0.389682799577713, 0.016111716628074646, 0.03304155543446541, 0.022944333031773567, 0.013828144408762455, 0.011287855915725231);
INSERT INTO public.emotion (id, joy, love, optimism, trust, surprise, anticipation, sadness, anger, disgust, fear, pessimism) VALUES ('81d3531e-6069-4a87-a096-46b4bbbe0c45', 0.5171090364456177, 0.019891127943992615, 0.45402535796165466, 0.08364962786436081, 0.11517773568630219, 0.7841917872428894, 0.05773637071251869, 0.008769960142672062, 0.02091718651354313, 0.7333724498748779, 0.07012889534235);
INSERT INTO public.emotion (id, joy, love, optimism, trust, surprise, anticipation, sadness, anger, disgust, fear, pessimism) VALUES ('f7be00d6-5b5f-4f28-b0a7-28e73110fb96', 0.9744296073913574, 0.16666948795318604, 0.8138837814331055, 0.2568456530570984, 0.21738071739673615, 0.6631833910942078, 0.008504047058522701, 0.017848504707217216, 0.015764417126774788, 0.1975303739309311, 0.0124504454433918);
INSERT INTO public.emotion (id, joy, love, optimism, trust, surprise, anticipation, sadness, anger, disgust, fear, pessimism) VALUES ('611bbeea-0b32-49b0-9a54-6746a3d6933b', 0.9864085912704468, 0.4047739505767822, 0.9515296220779419, 0.21588192880153656, 0.0323970727622509, 0.07825401425361633, 0.012566529214382172, 0.01623072288930416, 0.01127704232931137, 0.014369768090546131, 0.008971206843852997);
INSERT INTO public.emotion (id, joy, love, optimism, trust, surprise, anticipation, sadness, anger, disgust, fear, pessimism) VALUES ('920578e9-09f5-4ccb-8ce2-fb30c244e86b', 0.013395269401371479, 0.004850360099226236, 0.010408451780676842, 0.006607829127460718, 0.048335324972867966, 0.09688054025173187, 0.8844154477119446, 0.22966596484184265, 0.4625910818576813, 0.6088656187057495, 0.4744950830936432);

SET check_function_bodies = false;
INSERT INTO public.topic (id, friends, relation, work, hobby, goals) VALUES ('fb4c564e-0ff3-4f18-b97a-dbc01810d405', 0.014082704670727253, 0.22416719794273376, 0.4079703986644745, 0.009858764708042145, 0.3439209461212158);
INSERT INTO public.topic (id, friends, relation, work, hobby, goals) VALUES ('77f2e0d8-6323-430d-9249-54d4a696cf91', 0.014082704670727253, 0.22416719794273376, 0.4079703986644745, 0.009858764708042145, 0.3439209461212158);
INSERT INTO public.topic (id, friends, relation, work, hobby, goals) VALUES ('1a2e4151-6cba-45b1-8e50-879ebaffcc0b', 0.015480073168873787, 0.2779369354248047, 0.4911069869995117, 0.04058704525232315, 0.1748889535665512);
INSERT INTO public.topic (id, friends, relation, work, hobby, goals) VALUES ('73ffe4ac-66c7-4a05-a9c3-76cbee93edbb', 0.013449611142277718, 0.13441890478134155, 0.8098074197769165, 0.00512918783351779, 0.037194959819316864);
INSERT INTO public.topic (id, friends, relation, work, hobby, goals) VALUES ('fe0f240c-6add-40c7-8f98-201b0bc27329', 0.04030873253941536, 0.4984678626060486, 0.11416919529438019, 0.05136904865503311, 0.2956851124763489);
INSERT INTO public.topic (id, friends, relation, work, hobby, goals) VALUES ('0b7096e1-1cdc-43e8-a037-7e74790a0d8d', 0.06999585032463074, 0.3686492145061493, 0.4607761800289154, 0.04164860025048256, 0.05893019959330559);
INSERT INTO public.topic (id, friends, relation, work, hobby, goals) VALUES ('36859593-ee6b-4732-8230-825198895375', 0.013791111297905445, 0.11527640372514725, 0.78428715467453, 0.011332456022500992, 0.07531285285949707);
INSERT INTO public.topic (id, friends, relation, work, hobby, goals) VALUES ('304565fb-0fca-4866-b2f0-f2548b66a3df', 0.08018070459365845, 0.6638804078102112, 0.016036270186305046, 0.1385885626077652, 0.10131402313709259);
INSERT INTO public.topic (id, friends, relation, work, hobby, goals) VALUES ('e3453715-bdc3-42f1-a963-e1cfb963f626', 0.07264739274978638, 0.6479811668395996, 0.047795914113521576, 0.14071397483348846, 0.09086155146360397);
INSERT INTO public.topic (id, friends, relation, work, hobby, goals) VALUES ('839d9b9d-2395-45ff-9b8e-1061abaa4287', 0.07094738632440567, 0.65517258644104, 0.07939428091049194, 0.05911800265312195, 0.13536767661571503);
INSERT INTO public.topic (id, friends, relation, work, hobby, goals) VALUES ('a9962a8a-6841-43fe-9bf8-94dc21dfca45', 0.08349990844726562, 0.5724397301673889, 0.20200343430042267, 0.0575430691242218, 0.0845138281583786);
INSERT INTO public.topic (id, friends, relation, work, hobby, goals) VALUES ('3195c6cc-5647-4d9a-b1e5-2091a6fcff71', 0.13854403793811798, 0.7308252453804016, 0.0356580875813961, 0.03232022374868393, 0.06265243142843246);
INSERT INTO public.topic (id, friends, relation, work, hobby, goals) VALUES ('1dbb2c71-77d7-49fb-98e1-a314fe07abc1', 0.015036010183393955, 0.13325323164463043, 0.8056445121765137, 0.007208927534520626, 0.03885732591152191);
INSERT INTO public.topic (id, friends, relation, work, hobby, goals) VALUES ('3bddb68d-1cd7-4920-bb9b-ed063368d27e', 0.02513127774000168, 0.49288228154182434, 0.24825628101825714, 0.02571335807442665, 0.2080167531967163);
INSERT INTO public.topic (id, friends, relation, work, hobby, goals) VALUES ('4e717a82-c175-4ffa-888d-2a959dd901bb', 0.00942953024059534, 0.03440956398844719, 0.9158953428268433, 0.010271254926919937, 0.02999432571232319);
INSERT INTO public.topic (id, friends, relation, work, hobby, goals) VALUES ('14ae1071-14d0-4db6-8044-f4c69d242519', 0.012245547026395798, 0.048229653388261795, 0.09946126490831375, 0.5548698306083679, 0.28519368171691895);
INSERT INTO public.topic (id, friends, relation, work, hobby, goals) VALUES ('81d3531e-6069-4a87-a096-46b4bbbe0c45', 0.09249943494796753, 0.4689710736274719, 0.18626901507377625, 0.04336113482713699, 0.2088993638753891);
INSERT INTO public.topic (id, friends, relation, work, hobby, goals) VALUES ('f7be00d6-5b5f-4f28-b0a7-28e73110fb96', 0.1420145481824875, 0.541926383972168, 0.058800265192985535, 0.06732901930809021, 0.18992979824543);
INSERT INTO public.topic (id, friends, relation, work, hobby, goals) VALUES ('611bbeea-0b32-49b0-9a54-6746a3d6933b', 0.019981101155281067, 0.32613852620124817, 0.5453363060951233, 0.01940041407942772, 0.08914363384246826);
INSERT INTO public.topic (id, friends, relation, work, hobby, goals) VALUES ('920578e9-09f5-4ccb-8ce2-fb30c244e86b', 0.02562682330608368, 0.22091755270957947, 0.6681637167930603, 0.021599866449832916, 0.06369199603796005);
